<?xml version="1.0" encoding="UTF-8"?>
<beans xmlns="http://www.springframework.org/schema/beans"
       xmlns:xsi="http://www.w3.org/2001/XMLSchema-instance"
       xmlns:context="http://www.springframework.org/schema/context"
       xsi:schemaLocation="http://www.springframework.org/schema/beans
       http://www.springframework.org/schema/beans/spring-beans.xsd
       http://www.springframework.org/schema/context
       http://www.springframework.org/schema/context/spring-context.xsd">

    <context:property-placeholder location="classpath:db.properties"/>

    <bean id="dataSource" class="org.springframework.jdbc.datasource.DriverManagerDataSource">
        <property name="driverClassName" value="${db.driver.name}"/>
        <property name="url" value="${db.url}"/>
        <property name="username" value="${db.user}"/>
        <property name="password" value="${db.password}"/>
    </bean>

    <bean id="hikariDataSource" class="com.zaxxer.hikari.HikariDataSource">
        <property name="driverClassName" value="${db.driver.name}"/>
        <property name="jdbcUrl" value="${db.url}"/>
        <property name="username" value="${db.user}"/>
        <property name="password" value="${db.password}"/>
    </bean>

    <bean id="usersRepositoryJdbc" class="edu.school21.Service.Repositories.UsersRepositoryJdbcImpl">
        <constructor-arg ref="hikariDataSource"/>
    </bean>

    <bean id="usersRepositoryJdbcTemplate" class="edu.school21.Service.Repositories.UsersRepositoryJdbcTemplateImpl">
        <constructor-arg ref="dataSource"/>
    </bean>

</beans>